{
  "additional_special_tokens": [
    "<s>",
    "</s>",
    "<unk>",
    "<pad>",
    "<mask>",
    "<tr>",
    "<turkish>",
    "<start>",
    "<end>",
    "<merhaba>",
    "<selam>",
    "<nasılsın>",
    "<teşekkürler>",
    "<kullanıcı>",
    "<sistem>",
    "<yapay_zeka>",
    "<ş>",
    "<ç>",
    "<ğ>",
    "<ı>",
    "<ö>",
    "<ü>",
    "<soru>",
    "<cevap>",
    "<devam>",
    "<bitti>"
  ],
  "cls_token": "<s>",
  "mask_token": "<mask>",
  "pad_token": "<pad>",
  "sep_token": "</s>",
  "unk_token": "<unk>"
}
