{
  "version": "1.0",
  "truncation": null,
  "padding": null,
  "added_tokens": [
    {
      "id": 0,
      "content": "<s>",
      "single_word": false,
      "lstrip": false,
      "rstrip": false,
      "normalized": false,
      "special": true
    },
    {
      "id": 1,
      "content": "</s>",
      "single_word": false,
      "lstrip": false,
      "rstrip": false,
      "normalized": false,
      "special": true
    },
    {
      "id": 2,
      "content": "<unk>",
      "single_word": false,
      "lstrip": false,
      "rstrip": false,
      "normalized": false,
      "special": true
    },
    {
      "id": 3,
      "content": "<pad>",
      "single_word": false,
      "lstrip": false,
      "rstrip": false,
      "normalized": false,
      "special": true
    },
    {
      "id": 4,
      "content": "<mask>",
      "single_word": false,
      "lstrip": false,
      "rstrip": false,
      "normalized": false,
      "special": true
    },
    {
      "id": 5,
      "content": "<tr>",
      "single_word": false,
      "lstrip": false,
      "rstrip": false,
      "normalized": false,
      "special": true
    },
    {
      "id": 6,
      "content": "<turkish>",
      "single_word": false,
      "lstrip": false,
      "rstrip": false,
      "normalized": false,
      "special": true
    },
    {
      "id": 7,
      "content": "<start>",
      "single_word": false,
      "lstrip": false,
      "rstrip": false,
      "normalized": false,
      "special": true
    },
    {
      "id": 8,
      "content": "<end>",
      "single_word": false,
      "lstrip": false,
      "rstrip": false,
      "normalized": false,
      "special": true
    },
    {
      "id": 9,
      "content": "<merhaba>",
      "single_word": false,
      "lstrip": false,
      "rstrip": false,
      "normalized": false,
      "special": true
    },
    {
      "id": 10,
      "content": "<selam>",
      "single_word": false,
      "lstrip": false,
      "rstrip": false,
      "normalized": false,
      "special": true
    },
    {
      "id": 11,
      "content": "<nasılsın>",
      "single_word": false,
      "lstrip": false,
      "rstrip": false,
      "normalized": false,
      "special": true
    },
    {
      "id": 12,
      "content": "<teşekkürler>",
      "single_word": false,
      "lstrip": false,
      "rstrip": false,
      "normalized": false,
      "special": true
    },
    {
      "id": 13,
      "content": "<kullanıcı>",
      "single_word": false,
      "lstrip": false,
      "rstrip": false,
      "normalized": false,
      "special": true
    },
    {
      "id": 14,
      "content": "<sistem>",
      "single_word": false,
      "lstrip": false,
      "rstrip": false,
      "normalized": false,
      "special": true
    },
    {
      "id": 15,
      "content": "<yapay_zeka>",
      "single_word": false,
      "lstrip": false,
      "rstrip": false,
      "normalized": false,
      "special": true
    },
    {
      "id": 16,
      "content": "<ş>",
      "single_word": false,
      "lstrip": false,
      "rstrip": false,
      "normalized": false,
      "special": true
    },
    {
      "id": 17,
      "content": "<ç>",
      "single_word": false,
      "lstrip": false,
      "rstrip": false,
      "normalized": false,
      "special": true
    },
    {
      "id": 18,
      "content": "<ğ>",
      "single_word": false,
      "lstrip": false,
      "rstrip": false,
      "normalized": false,
      "special": true
    },
    {
      "id": 19,
      "content": "<ı>",
      "single_word": false,
      "lstrip": false,
      "rstrip": false,
      "normalized": false,
      "special": true
    },
    {
      "id": 20,
      "content": "<ö>",
      "single_word": false,
      "lstrip": false,
      "rstrip": false,
      "normalized": false,
      "special": true
    },
    {
      "id": 21,
      "content": "<ü>",
      "single_word": false,
      "lstrip": false,
      "rstrip": false,
      "normalized": false,
      "special": true
    },
    {
      "id": 22,
      "content": "<soru>",
      "single_word": false,
      "lstrip": false,
      "rstrip": false,
      "normalized": false,
      "special": true
    },
    {
      "id": 23,
      "content": "<cevap>",
      "single_word": false,
      "lstrip": false,
      "rstrip": false,
      "normalized": false,
      "special": true
    },
    {
      "id": 24,
      "content": "<devam>",
      "single_word": false,
      "lstrip": false,
      "rstrip": false,
      "normalized": false,
      "special": true
    },
    {
      "id": 25,
      "content": "<bitti>",
      "single_word": false,
      "lstrip": false,
      "rstrip": false,
      "normalized": false,
      "special": true
    }
  ],
  "normalizer": {
    "type": "Sequence",
    "normalizers": [
      {
        "type": "NFD"
      },
      {
        "type": "Lowercase"
      }
    ]
  },
  "pre_tokenizer": {
    "type": "Sequence",
    "pretokenizers": [
      {
        "type": "Whitespace"
      },
      {
        "type": "Digits",
        "individual_digits": false
      },
      {
        "type": "Punctuation",
        "behavior": "Isolated"
      },
      {
        "type": "Split",
        "pattern": {
          "String": "."
        },
        "behavior": "Isolated",
        "invert": false
      }
    ]
  },
  "post_processor": {
    "type": "TemplateProcessing",
    "single": [
      {
        "SpecialToken": {
          "id": "<s>",
          "type_id": 0
        }
      },
      {
        "Sequence": {
          "id": "A",
          "type_id": 0
        }
      },
      {
        "SpecialToken": {
          "id": "</s>",
          "type_id": 0
        }
      }
    ],
    "pair": [
      {
        "SpecialToken": {
          "id": "<s>",
          "type_id": 0
        }
      },
      {
        "Sequence": {
          "id": "A",
          "type_id": 0
        }
      },
      {
        "SpecialToken": {
          "id": "</s>",
          "type_id": 0
        }
      },
      {
        "Sequence": {
          "id": "B",
          "type_id": 1
        }
      },
      {
        "SpecialToken": {
          "id": "</s>",
          "type_id": 1
        }
      }
    ],
    "special_tokens": {
      "</s>": {
        "id": "</s>",
        "ids": [
          1
        ],
        "tokens": [
          "</s>"
        ]
      },
      "<s>": {
        "id": "<s>",
        "ids": [
          0
        ],
        "tokens": [
          "<s>"
        ]
      }
    }
  },
  "decoder": {
    "type": "Sequence",
    "decoders": [
      {
        "type": "WordPiece",
        "prefix": "##",
        "cleanup": true
      },
      {
        "type": "ByteFallback"
      }
    ]
  },
  "model": {
    "type": "BPE",
    "dropout": null,
    "unk_token": "<unk>",
    "continuing_subword_prefix": "##",
    "end_of_word_suffix": null,
    "fuse_unk": false,
    "byte_fallback": false,
    "ignore_merges": false,
    "vocab": {
      "<s>": 0,
      "</s>": 1,
      "<unk>": 2,
      "<pad>": 3,
      "<mask>": 4,
      "<tr>": 5,
      "<turkish>": 6,
      "<start>": 7,
      "<end>": 8,
      "<merhaba>": 9,
      "<selam>": 10,
      "<nasılsın>": 11,
      "<teşekkürler>": 12,
      "<kullanıcı>": 13,
      "<sistem>": 14,
      "<yapay_zeka>": 15,
      "<ş>": 16,
      "<ç>": 17,
      "<ğ>": 18,
      "<ı>": 19,
      "<ö>": 20,
      "<ü>": 21,
      "<soru>": 22,
      "<cevap>": 23,
      "<devam>": 24,
      "<bitti>": 25,
      "'": 26,
      ",": 27,
      "-": 28,
      ".": 29,
      "0": 30,
      "1": 31,
      "2": 32,
      "3": 33,
      "5": 34,
      "8": 35,
      "9": 36,
      "I": 37,
      "a": 38,
      "b": 39,
      "c": 40,
      "d": 41,
      "e": 42,
      "f": 43,
      "g": 44,
      "h": 45,
      "i": 46,
      "j": 47,
      "k": 48,
      "l": 49,
      "m": 50,
      "n": 51,
      "o": 52,
      "p": 53,
      "r": 54,
      "s": 55,
      "t": 56,
      "u": 57,
      "v": 58,
      "w": 59,
      "y": 60,
      "z": 61,
      "Ç": 62,
      "Ö": 63,
      "Ü": 64,
      "ç": 65,
      "ö": 66,
      "ü": 67,
      "Ğ": 68,
      "ğ": 69,
      "İ": 70,
      "ı": 71,
      "Ş": 72,
      "ş": 73,
      "̆": 74,
      "̇": 75,
      "̈": 76,
      "̧": 77,
      "##o": 78,
      "##g": 79,
      "##̆": 80,
      "##a": 81,
      "##l": 82,
      "##i": 83,
      "##s": 84,
      "##n": 85,
      "##t": 86,
      "##k": 87,
      "##r": 88,
      "##ı": 89,
      "##m": 90,
      "##z": 91,
      "##̈": 92,
      "##e": 93,
      "##c": 94,
      "##̧": 95,
      "##y": 96,
      "##d": 97,
      "##j": 98,
      "##u": 99,
      "##f": 100,
      "##p": 101,
      "##̇": 102,
      "##b": 103,
      "##v": 104,
      "##h": 105,
      "##0": 106,
      "##9": 107,
      "##2": 108,
      "##3": 109,
      "##w": 110,
      "##er": 111,
      "##ü": 112,
      "##in": 113,
      "##ir": 114,
      "##ar": 115,
      "##ğ": 116,
      "##en": 117,
      "##il": 118,
      "##el": 119,
      "##an": 120,
      "##ç": 121,
      "##ş": 122,
      "##ek": 123,
      "##ür": 124,
      "##ler": 125,
      "##lar": 126,
      "##iy": 127,
      "##ay": 128,
      "##ürk": 129,
      "türk": 130,
      "##dir": 131,
      "bir": 132,
      "ö": 133,
      "mo": 134,
      "##li": 135,
      "##del": 136,
      "model": 137,
      "##ti": 138,
      "##me": 139,
      "##ma": 140,
      "##ın": 141,
      "##or": 142,
      "##ır": 143,
      "##iye": 144,
      "##ği": 145,
      "sa": 146,
      "ya": 147,
      "##le": 148,
      "##si": 149,
      "##ö": 150,
      "##la": 151,
      "##ur": 152,
      "türkiye": 153,
      "##den": 154,
      "yap": 155,
      "dil": 156,
      "iç": 157,
      "ver": 158,
      "##ğlar": 159,
      "##ol": 160,
      "##on": 161,
      "##em": 162,
      "##ğr": 163,
      "##enme": 164,
      "yapay": 165,
      "eği": 166,
      "gü": 167,
      "##lı": 168,
      "##im": 169,
      "##idir": 170,
      "##et": 171,
      "##iler": 172,
      "an": 173,
      "ü": 174,
      "zek": 175,
      "##at": 176,
      "##lan": 177,
      "##ul": 178,
      "##un": 179,
      "##ük": 180,
      "ön": 181,
      "öğr": 182,
      "sağlar": 183,
      "için": 184,
      "zeka": 185,
      "öğrenme": 186,
      "ç": 187,
      "de": 188,
      "##ad": 189,
      "##is": 190,
      "##iş": 191,
      "modeller": 192,
      "bil": 193,
      "en": 194,
      "##ok": 195,
      "##ak": 196,
      "##iz": 197,
      "##ans": 198,
      "bü": 199,
      "da": 200,
      "nin": 201,
      "##ız": 202,
      "##mek": 203,
      "##esi": 204,
      "##yük": 205,
      "##de": 206,
      "##um": 207,
      "##for": 208,
      "##ha": 209,
      "##ini": 210,
      "##çe": 211,
      "büyük": 212,
      "##form": 213,
      "gö": 214,
      "i̇": 215,
      "tek": 216,
      "ve": 217,
      "##ıl": 218,
      "##da": 219,
      "##erin": 220,
      "##şt": 221,
      "##ını": 222,
      "##emli": 223,
      "eğit": 224,
      "önemli": 225,
      "kul": 226,
      "ol": 227,
      "##gis": 228,
      "##it": 229,
      "##st": 230,
      "##ım": 231,
      "##ce": 232,
      "##ara": 233,
      "türkçe": 234,
      "biridir": 235,
      "##tim": 236,
      "##lama": 237,
      "veriler": 238,
      "daha": 239,
      "kullan": 240,
      "gel": 241,
      "per": 242,
      "##oj": 243,
      "##al": 244,
      "##lg": 245,
      "##lü": 246,
      "##sı": 247,
      "##tir": 248,
      "##miş": 249,
      "##yi": 250,
      "##hi": 251,
      "##ing": 252,
      "##arlar": 253,
      "##iyor": 254,
      "##tion": 255,
      "##oloj": 256,
      "bilgis": 257,
      "##formans": 258,
      "tekn": 259,
      "performans": 260,
      "bö": 261,
      "do": 262,
      "iş": 263,
      "ş": 264,
      "##op": 265,
      "##ali": 266,
      "##len": 267,
      "##ik": 268,
      "##es": 269,
      "##dır": 270,
      "##us": 271,
      "##ud": 272,
      "##üler": 273,
      "##ine": 274,
      "##inin": 275,
      "##irler": 276,
      "##ayarlar": 277,
      "modelin": 278,
      "##tik": 279,
      "veri": 280,
      "##olu": 281,
      "eğitim": 282,
      "gün": 283,
      "eğitil": 284,
      "##lgesi": 285,
      "bilgisayarlar": 286,
      "teknoloj": 287,
      "performansını": 288,
      "bölgesi": 289,
      "ay": 290,
      "bo": 291,
      "ba": 292,
      "dü": 293,
      "derin": 294,
      "kü": 295,
      "kon": 296,
      "pr": 297,
      "pop": 298,
      "tr": 299,
      "yar": 300,
      "##am": 301,
      "##lk": 302,
      "##san": 303,
      "##nsan": 304,
      "##kiler": 305,
      "##ıy": 306,
      "##may": 307,
      "##ev": 308,
      "##eç": 309,
      "##der": 310,
      "##dür": 311,
      "##ut": 312,
      "##bil": 313,
      "##inde": 314,
      "##ari": 315,
      "##ğı": 316,
      "##ğer": 317,
      "##anın": 318,
      "##iyle": 319,
      "sahi": 320,
      "anad": 321,
      "ülk": 322,
      "##unc": 323,
      "çok": 324,
      "dev": 325,
      "değer": 326,
      "modelleri": 327,
      "##ılır": 328,
      "önemlidir": 329,
      "kullanılır": 330,
      "##lüdür": 331,
      "##udur": 332,
      "popüler": 333,
      "trans": 334,
      "sahip": 335,
      "anadolu": 336,
      "ak": 337,
      "bel": 338,
      "dö": 339,
      "et": 340,
      "ger": 341,
      "geç": 342,
      "insan": 343,
      "ka": 344,
      "kur": 345,
      "mar": 346,
      "met": 347,
      "mak": 348,
      "py": 349,
      "se": 350,
      "tok": 351,
      "tari": 352,
      "un": 353,
      "uz": 354,
      "zen": 355,
      "##gin": 356,
      "##as": 357,
      "##az": 358,
      "##ale": 359,
      "##lu": 360,
      "##lç": 361,
      "##ss": 362,
      "##ny": 363,
      "##nlüdür": 364,
      "##tler": 365,
      "##ting": 366,
      "##mı": 367,
      "##mu": 368,
      "##mel": 369,
      "##mız": 370,
      "##zel": 371,
      "##ey": 372,
      "##eh": 373,
      "##edir": 374,
      "##ece": 375,
      "##ch": 376,
      "##dan": 377,
      "##uş": 378,
      "##fit": 379,
      "##bul": 380,
      "##va": 381,
      "##ers": 382,
      "##erir": 383,
      "##inir": 384,
      "##inden": 385,
      "##ğu": 386,
      "##eler": 387,
      "##anbul": 388,
      "##şı": 389,
      "##ların": 390,
      "ölç": 391,
      "##lik": 392,
      "##ında": 393,
      "güzel": 394,
      "ünlüdür": 395,
      "##unu": 396,
      "##ızlı": 397,
      "##formers": 398,
      "i̇st": 399,
      "##ştır": 400,
      "##ştur": 401,
      "geliyor": 402,
      "şeh": 403,
      "eğitilmiş": 404,
      "düny": 405,
      "##ıyla": 406,
      "##mayı": 407,
      "devr": 408,
      "transformers": 409,
      "pyt": 410,
      "token": 411,
      "zengin": 412,
      "##muştur": 413,
      "##fitting": 414,
      "i̇stanbul": 415,
      "şehirler": 416,
      "ad": 417,
      "ama": 418,
      "ağlar": 419,
      "alan": 420,
      "bey": 421,
      "cum": 422,
      "den": 423,
      "dur": 424,
      "dik": 425,
      "es": 426,
      "ek": 427,
      "etik": 428,
      "func": 429,
      "gi": 430,
      "gp": 431,
      "gen": 432,
      "her": 433,
      "hay": 434,
      "hale": 435,
      "hızlı": 436,
      "ik": 437,
      "iyi": 438,
      "ke": 439,
      "ken": 440,
      "kol": 441,
      "kad": 442,
      "le": 443,
      "lar": 444,
      "mir": 445,
      "mil": 446,
      "mim": 447,
      "mut": 448,
      "ne": 449,
      "nü": 450,
      "ov": 451,
      "par": 452,
      "sinir": 453,
      "te": 454,
      "tur": 455,
      "uy": 456,
      "var": 457,
      "vali": 458,
      "yer": 459,
      "yan": 460,
      "##og": 461,
      "##oss": 462,
      "##alı": 463,
      "##ası": 464,
      "##abil": 465,
      "##ağı": 466,
      "##lt": 467,
      "##lay": 468,
      "##lenme": 469,
      "##sini": 470,
      "##sını": 471,
      "##ter": 472,
      "##kat": 473,
      "##kara": 474,
      "##rt": 475,
      "##ram": 476,
      "##rev": 477,
      "##man": 478,
      "##miz": 479,
      "##ze": 480,
      "##zerin": 481,
      "##eş": 482,
      "##yon": 483,
      "##yunc": 484,
      "##du": 485,
      "##fer": 486,
      "##fus": 487,
      "##ven": 488,
      "##veler": 489,
      "##hur": 490,
      "##hon": 491,
      "##erçe": 492,
      "##erfitting": 493,
      "##üm": 494,
      "##üz": 495,
      "##ğal": 496,
      "##ğunu": 497,
      "##ili": 498,
      "##ilme": 499,
      "##anır": 500,
      "##çok": 501,
      "##ürel": 502,
      "##leri": 503,
      "##lere": 504,
      "##lerden": 505,
      "##leriyle": 506,
      "##lara": 507,
      "##ları": 508,
      "##larıyla": 509,
      "birçok": 510,
      "##meyi": 511,
      "##memiz": 512,
      "##mat": 513,
      "##ması": 514,
      "##mamız": 515,
      "##iyeti": 516,
      "sağ": 517,
      "##leme": 518,
      "##lemek": 519,
      "##sim": 520,
      "##siz": 521,
      "##lamayı": 522,
      "##deniz": 523,
      "dildir": 524,
      "içerir": 525,
      "güç": 526,
      "güven": 527,
      "##imi": 528,
      "##etli": 529,
      "anlama": 530,
      "antik": 531,
      "ankara": 532,
      "üzerin": 533,
      "##atım": 534,
      "önce": 535,
      "öğrenmeyi": 536,
      "çerçe": 537,
      "deği": 538,
      "##ada": 539,
      "##ist": 540,
      "##işim": 541,
      "##iştir": 542,
      "modellerini": 543,
      "##umudur": 544,
      "göst": 545,
      "görev": 546,
      "göze": 547,
      "##dation": 548,
      "eğitmek": 549,
      "oluş": 550,
      "oldu": 551,
      "verilerle": 552,
      "verilerden": 553,
      "doğr": 554,
      "doğal": 555,
      "##lendir": 556,
      "bilgisayarların": 557,
      "teknolojiler": 558,
      "boyunc": 559,
      "bağ": 560,
      "baş": 561,
      "kült": 562,
      "prog": 563,
      "yarat": 564,
      "##derek": 565,
      "ülkedir": 566,
      "değerlendir": 567,
      "sahiptir": 568,
      "belirler": 569,
      "dört": 570,
      "etkiler": 571,
      "gerek": 572,
      "geçen": 573,
      "marşı": 574,
      "metin": 575,
      "seti": 576,
      "tarihi": 577,
      "uzak": 578,
      "##mıştır": 579,
      "##meli": 580,
      "##eceği": 581,
      "dünyanın": 582,
      "devrim": 583,
      "python": 584,
      "cumhur": 585,
      "durumudur": 586,
      "dikkat": 587,
      "function": 588,
      "giderek": 589,
      "hayatım": 590,
      "kentler": 591,
      "kolay": 592,
      "kadar": 593,
      "miras": 594,
      "mutf": 595,
      "nüfus": 596,
      "overfitting": 597,
      "parç": 598,
      "validation": 599,
      "##ramlama": 600,
      "##memizi": 601,
      "önceden": 602,
      "çerçeveler": 603,
      "gözetim": 604,
      "boyunca": 605,
      "kültürel": 606,
      "programlama": 607,
      "cumhuriyeti": 608,
      "hayatımız": 609
    },
    "merges": [
      [
        "##e",
        "##r"
      ],
      [
        "##u",
        "##̈"
      ],
      [
        "##i",
        "##n"
      ],
      [
        "##i",
        "##r"
      ],
      [
        "##a",
        "##r"
      ],
      [
        "##g",
        "##̆"
      ],
      [
        "##e",
        "##n"
      ],
      [
        "##i",
        "##l"
      ],
      [
        "##e",
        "##l"
      ],
      [
        "##a",
        "##n"
      ],
      [
        "##c",
        "##̧"
      ],
      [
        "##s",
        "##̧"
      ],
      [
        "##e",
        "##k"
      ],
      [
        "##ü",
        "##r"
      ],
      [
        "##l",
        "##er"
      ],
      [
        "##l",
        "##ar"
      ],
      [
        "##i",
        "##y"
      ],
      [
        "##a",
        "##y"
      ],
      [
        "##ür",
        "##k"
      ],
      [
        "t",
        "##ürk"
      ],
      [
        "##d",
        "##ir"
      ],
      [
        "b",
        "##ir"
      ],
      [
        "o",
        "##̈"
      ],
      [
        "m",
        "##o"
      ],
      [
        "##l",
        "##i"
      ],
      [
        "##d",
        "##el"
      ],
      [
        "mo",
        "##del"
      ],
      [
        "##t",
        "##i"
      ],
      [
        "##m",
        "##e"
      ],
      [
        "##m",
        "##a"
      ],
      [
        "##ı",
        "##n"
      ],
      [
        "##o",
        "##r"
      ],
      [
        "##ı",
        "##r"
      ],
      [
        "##iy",
        "##e"
      ],
      [
        "##ğ",
        "##i"
      ],
      [
        "s",
        "##a"
      ],
      [
        "y",
        "##a"
      ],
      [
        "##l",
        "##e"
      ],
      [
        "##s",
        "##i"
      ],
      [
        "##o",
        "##̈"
      ],
      [
        "##l",
        "##a"
      ],
      [
        "##u",
        "##r"
      ],
      [
        "türk",
        "##iye"
      ],
      [
        "##d",
        "##en"
      ],
      [
        "ya",
        "##p"
      ],
      [
        "d",
        "##il"
      ],
      [
        "i",
        "##ç"
      ],
      [
        "v",
        "##er"
      ],
      [
        "##ğ",
        "##lar"
      ],
      [
        "##o",
        "##l"
      ],
      [
        "##o",
        "##n"
      ],
      [
        "##e",
        "##m"
      ],
      [
        "##ğ",
        "##r"
      ],
      [
        "##en",
        "##me"
      ],
      [
        "yap",
        "##ay"
      ],
      [
        "e",
        "##ği"
      ],
      [
        "g",
        "##ü"
      ],
      [
        "##l",
        "##ı"
      ],
      [
        "##i",
        "##m"
      ],
      [
        "##i",
        "##dir"
      ],
      [
        "##e",
        "##t"
      ],
      [
        "##il",
        "##er"
      ],
      [
        "a",
        "##n"
      ],
      [
        "u",
        "##̈"
      ],
      [
        "z",
        "##ek"
      ],
      [
        "##a",
        "##t"
      ],
      [
        "##l",
        "##an"
      ],
      [
        "##u",
        "##l"
      ],
      [
        "##u",
        "##n"
      ],
      [
        "##ü",
        "##k"
      ],
      [
        "ö",
        "##n"
      ],
      [
        "ö",
        "##ğr"
      ],
      [
        "sa",
        "##ğlar"
      ],
      [
        "iç",
        "##in"
      ],
      [
        "zek",
        "##a"
      ],
      [
        "öğr",
        "##enme"
      ],
      [
        "c",
        "##̧"
      ],
      [
        "d",
        "##e"
      ],
      [
        "##a",
        "##d"
      ],
      [
        "##i",
        "##s"
      ],
      [
        "##i",
        "##ş"
      ],
      [
        "model",
        "##ler"
      ],
      [
        "b",
        "##il"
      ],
      [
        "e",
        "##n"
      ],
      [
        "##o",
        "##k"
      ],
      [
        "##a",
        "##k"
      ],
      [
        "##i",
        "##z"
      ],
      [
        "##an",
        "##s"
      ],
      [
        "b",
        "##ü"
      ],
      [
        "d",
        "##a"
      ],
      [
        "n",
        "##in"
      ],
      [
        "##ı",
        "##z"
      ],
      [
        "##m",
        "##ek"
      ],
      [
        "##e",
        "##si"
      ],
      [
        "##y",
        "##ük"
      ],
      [
        "##d",
        "##e"
      ],
      [
        "##u",
        "##m"
      ],
      [
        "##f",
        "##or"
      ],
      [
        "##h",
        "##a"
      ],
      [
        "##in",
        "##i"
      ],
      [
        "##ç",
        "##e"
      ],
      [
        "bü",
        "##yük"
      ],
      [
        "##for",
        "##m"
      ],
      [
        "g",
        "##ö"
      ],
      [
        "i",
        "##̇"
      ],
      [
        "t",
        "##ek"
      ],
      [
        "v",
        "##e"
      ],
      [
        "##ı",
        "##l"
      ],
      [
        "##d",
        "##a"
      ],
      [
        "##er",
        "##in"
      ],
      [
        "##ş",
        "##t"
      ],
      [
        "##ın",
        "##ı"
      ],
      [
        "##em",
        "##li"
      ],
      [
        "eği",
        "##t"
      ],
      [
        "ön",
        "##emli"
      ],
      [
        "k",
        "##ul"
      ],
      [
        "o",
        "##l"
      ],
      [
        "##g",
        "##is"
      ],
      [
        "##i",
        "##t"
      ],
      [
        "##s",
        "##t"
      ],
      [
        "##ı",
        "##m"
      ],
      [
        "##c",
        "##e"
      ],
      [
        "##ar",
        "##a"
      ],
      [
        "türk",
        "##çe"
      ],
      [
        "bir",
        "##idir"
      ],
      [
        "##ti",
        "##m"
      ],
      [
        "##la",
        "##ma"
      ],
      [
        "ver",
        "##iler"
      ],
      [
        "da",
        "##ha"
      ],
      [
        "kul",
        "##lan"
      ],
      [
        "g",
        "##el"
      ],
      [
        "p",
        "##er"
      ],
      [
        "##o",
        "##j"
      ],
      [
        "##a",
        "##l"
      ],
      [
        "##l",
        "##g"
      ],
      [
        "##l",
        "##ü"
      ],
      [
        "##s",
        "##ı"
      ],
      [
        "##t",
        "##ir"
      ],
      [
        "##m",
        "##iş"
      ],
      [
        "##y",
        "##i"
      ],
      [
        "##h",
        "##i"
      ],
      [
        "##in",
        "##g"
      ],
      [
        "##ar",
        "##lar"
      ],
      [
        "##iy",
        "##or"
      ],
      [
        "##ti",
        "##on"
      ],
      [
        "##ol",
        "##oj"
      ],
      [
        "bil",
        "##gis"
      ],
      [
        "##form",
        "##ans"
      ],
      [
        "tek",
        "##n"
      ],
      [
        "per",
        "##formans"
      ],
      [
        "b",
        "##ö"
      ],
      [
        "d",
        "##o"
      ],
      [
        "i",
        "##ş"
      ],
      [
        "s",
        "##̧"
      ],
      [
        "##o",
        "##p"
      ],
      [
        "##a",
        "##li"
      ],
      [
        "##l",
        "##en"
      ],
      [
        "##i",
        "##k"
      ],
      [
        "##e",
        "##s"
      ],
      [
        "##d",
        "##ır"
      ],
      [
        "##u",
        "##s"
      ],
      [
        "##u",
        "##d"
      ],
      [
        "##ü",
        "##ler"
      ],
      [
        "##in",
        "##e"
      ],
      [
        "##in",
        "##in"
      ],
      [
        "##ir",
        "##ler"
      ],
      [
        "##ay",
        "##arlar"
      ],
      [
        "model",
        "##in"
      ],
      [
        "##ti",
        "##k"
      ],
      [
        "ver",
        "##i"
      ],
      [
        "##ol",
        "##u"
      ],
      [
        "eği",
        "##tim"
      ],
      [
        "gü",
        "##n"
      ],
      [
        "eğit",
        "##il"
      ],
      [
        "##lg",
        "##esi"
      ],
      [
        "bilgis",
        "##ayarlar"
      ],
      [
        "tekn",
        "##oloj"
      ],
      [
        "performans",
        "##ını"
      ],
      [
        "bö",
        "##lgesi"
      ],
      [
        "a",
        "##y"
      ],
      [
        "b",
        "##o"
      ],
      [
        "b",
        "##a"
      ],
      [
        "d",
        "##ü"
      ],
      [
        "d",
        "##erin"
      ],
      [
        "k",
        "##ü"
      ],
      [
        "k",
        "##on"
      ],
      [
        "p",
        "##r"
      ],
      [
        "p",
        "##op"
      ],
      [
        "t",
        "##r"
      ],
      [
        "y",
        "##ar"
      ],
      [
        "##a",
        "##m"
      ],
      [
        "##l",
        "##k"
      ],
      [
        "##s",
        "##an"
      ],
      [
        "##n",
        "##san"
      ],
      [
        "##k",
        "##iler"
      ],
      [
        "##ı",
        "##y"
      ],
      [
        "##m",
        "##ay"
      ],
      [
        "##e",
        "##v"
      ],
      [
        "##e",
        "##ç"
      ],
      [
        "##d",
        "##er"
      ],
      [
        "##d",
        "##ür"
      ],
      [
        "##u",
        "##t"
      ],
      [
        "##b",
        "##il"
      ],
      [
        "##in",
        "##de"
      ],
      [
        "##ar",
        "##i"
      ],
      [
        "##ğ",
        "##ı"
      ],
      [
        "##ğ",
        "##er"
      ],
      [
        "##an",
        "##ın"
      ],
      [
        "##iy",
        "##le"
      ],
      [
        "sa",
        "##hi"
      ],
      [
        "an",
        "##ad"
      ],
      [
        "ü",
        "##lk"
      ],
      [
        "##un",
        "##c"
      ],
      [
        "ç",
        "##ok"
      ],
      [
        "de",
        "##v"
      ],
      [
        "de",
        "##ğer"
      ],
      [
        "modeller",
        "##i"
      ],
      [
        "##ıl",
        "##ır"
      ],
      [
        "önemli",
        "##dir"
      ],
      [
        "kullan",
        "##ılır"
      ],
      [
        "##lü",
        "##dür"
      ],
      [
        "##ud",
        "##ur"
      ],
      [
        "pop",
        "##üler"
      ],
      [
        "tr",
        "##ans"
      ],
      [
        "sahi",
        "##p"
      ],
      [
        "anad",
        "##olu"
      ],
      [
        "a",
        "##k"
      ],
      [
        "b",
        "##el"
      ],
      [
        "d",
        "##ö"
      ],
      [
        "e",
        "##t"
      ],
      [
        "g",
        "##er"
      ],
      [
        "g",
        "##eç"
      ],
      [
        "i",
        "##nsan"
      ],
      [
        "k",
        "##a"
      ],
      [
        "k",
        "##ur"
      ],
      [
        "m",
        "##ar"
      ],
      [
        "m",
        "##et"
      ],
      [
        "m",
        "##ak"
      ],
      [
        "p",
        "##y"
      ],
      [
        "s",
        "##e"
      ],
      [
        "t",
        "##ok"
      ],
      [
        "t",
        "##ari"
      ],
      [
        "u",
        "##n"
      ],
      [
        "u",
        "##z"
      ],
      [
        "z",
        "##en"
      ],
      [
        "##g",
        "##in"
      ],
      [
        "##a",
        "##s"
      ],
      [
        "##a",
        "##z"
      ],
      [
        "##a",
        "##le"
      ],
      [
        "##l",
        "##u"
      ],
      [
        "##l",
        "##ç"
      ],
      [
        "##s",
        "##s"
      ],
      [
        "##n",
        "##y"
      ],
      [
        "##n",
        "##lüdür"
      ],
      [
        "##t",
        "##ler"
      ],
      [
        "##t",
        "##ing"
      ],
      [
        "##m",
        "##ı"
      ],
      [
        "##m",
        "##u"
      ],
      [
        "##m",
        "##el"
      ],
      [
        "##m",
        "##ız"
      ],
      [
        "##z",
        "##el"
      ],
      [
        "##e",
        "##y"
      ],
      [
        "##e",
        "##h"
      ],
      [
        "##e",
        "##dir"
      ],
      [
        "##e",
        "##ce"
      ],
      [
        "##c",
        "##h"
      ],
      [
        "##d",
        "##an"
      ],
      [
        "##u",
        "##ş"
      ],
      [
        "##f",
        "##it"
      ],
      [
        "##b",
        "##ul"
      ],
      [
        "##v",
        "##a"
      ],
      [
        "##er",
        "##s"
      ],
      [
        "##er",
        "##ir"
      ],
      [
        "##in",
        "##ir"
      ],
      [
        "##in",
        "##den"
      ],
      [
        "##ğ",
        "##u"
      ],
      [
        "##el",
        "##er"
      ],
      [
        "##an",
        "##bul"
      ],
      [
        "##ş",
        "##ı"
      ],
      [
        "##lar",
        "##ın"
      ],
      [
        "ö",
        "##lç"
      ],
      [
        "##li",
        "##k"
      ],
      [
        "##ın",
        "##da"
      ],
      [
        "gü",
        "##zel"
      ],
      [
        "ü",
        "##nlüdür"
      ],
      [
        "##un",
        "##u"
      ],
      [
        "##ız",
        "##lı"
      ],
      [
        "##form",
        "##ers"
      ],
      [
        "i̇",
        "##st"
      ],
      [
        "##şt",
        "##ır"
      ],
      [
        "##şt",
        "##ur"
      ],
      [
        "gel",
        "##iyor"
      ],
      [
        "ş",
        "##eh"
      ],
      [
        "eğitil",
        "##miş"
      ],
      [
        "dü",
        "##ny"
      ],
      [
        "##ıy",
        "##la"
      ],
      [
        "##may",
        "##ı"
      ],
      [
        "dev",
        "##r"
      ],
      [
        "trans",
        "##formers"
      ],
      [
        "py",
        "##t"
      ],
      [
        "tok",
        "##en"
      ],
      [
        "zen",
        "##gin"
      ],
      [
        "##mu",
        "##ştur"
      ],
      [
        "##fit",
        "##ting"
      ],
      [
        "i̇st",
        "##anbul"
      ],
      [
        "şeh",
        "##irler"
      ],
      [
        "a",
        "##d"
      ],
      [
        "a",
        "##ma"
      ],
      [
        "a",
        "##ğlar"
      ],
      [
        "a",
        "##lan"
      ],
      [
        "b",
        "##ey"
      ],
      [
        "c",
        "##um"
      ],
      [
        "d",
        "##en"
      ],
      [
        "d",
        "##ur"
      ],
      [
        "d",
        "##ik"
      ],
      [
        "e",
        "##s"
      ],
      [
        "e",
        "##k"
      ],
      [
        "e",
        "##tik"
      ],
      [
        "f",
        "##unc"
      ],
      [
        "g",
        "##i"
      ],
      [
        "g",
        "##p"
      ],
      [
        "g",
        "##en"
      ],
      [
        "h",
        "##er"
      ],
      [
        "h",
        "##ay"
      ],
      [
        "h",
        "##ale"
      ],
      [
        "h",
        "##ızlı"
      ],
      [
        "i",
        "##k"
      ],
      [
        "i",
        "##yi"
      ],
      [
        "k",
        "##e"
      ],
      [
        "k",
        "##en"
      ],
      [
        "k",
        "##ol"
      ],
      [
        "k",
        "##ad"
      ],
      [
        "l",
        "##e"
      ],
      [
        "l",
        "##ar"
      ],
      [
        "m",
        "##ir"
      ],
      [
        "m",
        "##il"
      ],
      [
        "m",
        "##im"
      ],
      [
        "m",
        "##ut"
      ],
      [
        "n",
        "##e"
      ],
      [
        "n",
        "##ü"
      ],
      [
        "o",
        "##v"
      ],
      [
        "p",
        "##ar"
      ],
      [
        "s",
        "##inir"
      ],
      [
        "t",
        "##e"
      ],
      [
        "t",
        "##ur"
      ],
      [
        "u",
        "##y"
      ],
      [
        "v",
        "##ar"
      ],
      [
        "v",
        "##ali"
      ],
      [
        "y",
        "##er"
      ],
      [
        "y",
        "##an"
      ],
      [
        "##o",
        "##g"
      ],
      [
        "##o",
        "##ss"
      ],
      [
        "##a",
        "##lı"
      ],
      [
        "##a",
        "##sı"
      ],
      [
        "##a",
        "##bil"
      ],
      [
        "##a",
        "##ğı"
      ],
      [
        "##l",
        "##t"
      ],
      [
        "##l",
        "##ay"
      ],
      [
        "##l",
        "##enme"
      ],
      [
        "##s",
        "##ini"
      ],
      [
        "##s",
        "##ını"
      ],
      [
        "##t",
        "##er"
      ],
      [
        "##k",
        "##at"
      ],
      [
        "##k",
        "##ara"
      ],
      [
        "##r",
        "##t"
      ],
      [
        "##r",
        "##am"
      ],
      [
        "##r",
        "##ev"
      ],
      [
        "##m",
        "##an"
      ],
      [
        "##m",
        "##iz"
      ],
      [
        "##z",
        "##e"
      ],
      [
        "##z",
        "##erin"
      ],
      [
        "##e",
        "##ş"
      ],
      [
        "##y",
        "##on"
      ],
      [
        "##y",
        "##unc"
      ],
      [
        "##d",
        "##u"
      ],
      [
        "##f",
        "##er"
      ],
      [
        "##f",
        "##us"
      ],
      [
        "##v",
        "##en"
      ],
      [
        "##v",
        "##eler"
      ],
      [
        "##h",
        "##ur"
      ],
      [
        "##h",
        "##on"
      ],
      [
        "##er",
        "##çe"
      ],
      [
        "##er",
        "##fitting"
      ],
      [
        "##ü",
        "##m"
      ],
      [
        "##ü",
        "##z"
      ],
      [
        "##ğ",
        "##al"
      ],
      [
        "##ğ",
        "##unu"
      ],
      [
        "##il",
        "##i"
      ],
      [
        "##il",
        "##me"
      ],
      [
        "##an",
        "##ır"
      ],
      [
        "##ç",
        "##ok"
      ],
      [
        "##ür",
        "##el"
      ],
      [
        "##ler",
        "##i"
      ],
      [
        "##ler",
        "##e"
      ],
      [
        "##ler",
        "##den"
      ],
      [
        "##ler",
        "##iyle"
      ],
      [
        "##lar",
        "##a"
      ],
      [
        "##lar",
        "##ı"
      ],
      [
        "##lar",
        "##ıyla"
      ],
      [
        "bir",
        "##çok"
      ],
      [
        "##me",
        "##yi"
      ],
      [
        "##me",
        "##miz"
      ],
      [
        "##ma",
        "##t"
      ],
      [
        "##ma",
        "##sı"
      ],
      [
        "##ma",
        "##mız"
      ],
      [
        "##iye",
        "##ti"
      ],
      [
        "sa",
        "##ğ"
      ],
      [
        "##le",
        "##me"
      ],
      [
        "##le",
        "##mek"
      ],
      [
        "##si",
        "##m"
      ],
      [
        "##si",
        "##z"
      ],
      [
        "##la",
        "##mayı"
      ],
      [
        "##den",
        "##iz"
      ],
      [
        "dil",
        "##dir"
      ],
      [
        "iç",
        "##erir"
      ],
      [
        "gü",
        "##ç"
      ],
      [
        "gü",
        "##ven"
      ],
      [
        "##im",
        "##i"
      ],
      [
        "##et",
        "##li"
      ],
      [
        "an",
        "##lama"
      ],
      [
        "an",
        "##tik"
      ],
      [
        "an",
        "##kara"
      ],
      [
        "ü",
        "##zerin"
      ],
      [
        "##at",
        "##ım"
      ],
      [
        "ön",
        "##ce"
      ],
      [
        "öğrenme",
        "##yi"
      ],
      [
        "ç",
        "##erçe"
      ],
      [
        "de",
        "##ği"
      ],
      [
        "##ad",
        "##a"
      ],
      [
        "##is",
        "##t"
      ],
      [
        "##iş",
        "##im"
      ],
      [
        "##iş",
        "##tir"
      ],
      [
        "modeller",
        "##ini"
      ],
      [
        "##um",
        "##udur"
      ],
      [
        "gö",
        "##st"
      ],
      [
        "gö",
        "##rev"
      ],
      [
        "gö",
        "##ze"
      ],
      [
        "##da",
        "##tion"
      ],
      [
        "eğit",
        "##mek"
      ],
      [
        "ol",
        "##uş"
      ],
      [
        "ol",
        "##du"
      ],
      [
        "veriler",
        "##le"
      ],
      [
        "veriler",
        "##den"
      ],
      [
        "do",
        "##ğr"
      ],
      [
        "do",
        "##ğal"
      ],
      [
        "##len",
        "##dir"
      ],
      [
        "bilgisayarlar",
        "##ın"
      ],
      [
        "teknoloj",
        "##iler"
      ],
      [
        "bo",
        "##yunc"
      ],
      [
        "ba",
        "##ğ"
      ],
      [
        "ba",
        "##ş"
      ],
      [
        "kü",
        "##lt"
      ],
      [
        "pr",
        "##og"
      ],
      [
        "yar",
        "##at"
      ],
      [
        "##der",
        "##ek"
      ],
      [
        "ülk",
        "##edir"
      ],
      [
        "değer",
        "##lendir"
      ],
      [
        "sahip",
        "##tir"
      ],
      [
        "bel",
        "##irler"
      ],
      [
        "dö",
        "##rt"
      ],
      [
        "et",
        "##kiler"
      ],
      [
        "ger",
        "##ek"
      ],
      [
        "geç",
        "##en"
      ],
      [
        "mar",
        "##şı"
      ],
      [
        "met",
        "##in"
      ],
      [
        "se",
        "##ti"
      ],
      [
        "tari",
        "##hi"
      ],
      [
        "uz",
        "##ak"
      ],
      [
        "##mı",
        "##ştır"
      ],
      [
        "##mel",
        "##i"
      ],
      [
        "##ece",
        "##ği"
      ],
      [
        "düny",
        "##anın"
      ],
      [
        "devr",
        "##im"
      ],
      [
        "pyt",
        "##hon"
      ],
      [
        "cum",
        "##hur"
      ],
      [
        "dur",
        "##umudur"
      ],
      [
        "dik",
        "##kat"
      ],
      [
        "func",
        "##tion"
      ],
      [
        "gi",
        "##derek"
      ],
      [
        "hay",
        "##atım"
      ],
      [
        "ken",
        "##tler"
      ],
      [
        "kol",
        "##ay"
      ],
      [
        "kad",
        "##ar"
      ],
      [
        "mir",
        "##as"
      ],
      [
        "mut",
        "##f"
      ],
      [
        "nü",
        "##fus"
      ],
      [
        "ov",
        "##erfitting"
      ],
      [
        "par",
        "##ç"
      ],
      [
        "vali",
        "##dation"
      ],
      [
        "##ram",
        "##lama"
      ],
      [
        "##memiz",
        "##i"
      ],
      [
        "önce",
        "##den"
      ],
      [
        "çerçe",
        "##veler"
      ],
      [
        "göze",
        "##tim"
      ],
      [
        "boyunc",
        "##a"
      ],
      [
        "kült",
        "##ürel"
      ],
      [
        "prog",
        "##ramlama"
      ],
      [
        "cumhur",
        "##iyeti"
      ],
      [
        "hayatım",
        "##ız"
      ]
    ]
  }
}